timestamp,cpu_percent,mem_percent,download_speed,upload_speed,bandwidth_total,latency,link_status,health_status,bytes_sent,bytes_recv,traffic_volume
2024-09-07 21:47:33,12.0,89.6,7.51,13.2,20.71,22.68,up,ok,313636417,360802907,674439324
2024-09-07 21:47:35,20.3,87.9,7.51,13.2,20.71,22.68,up,ok,313730083,360825295,674555378
2024-09-07 21:47:36,15.8,88.1,15.32,7.3,22.62,21.98,up,ok,313730083,360825533,674555616
2024-09-07 21:47:38,31.4,87.5,7.51,13.2,20.71,22.68,up,ok,313737289,360834310,674571599
2024-09-07 21:47:38,19.4,87.8,15.32,7.3,22.62,21.98,up,ok,313737397,360835080,674572477
2024-09-07 21:47:40,12.9,87.3,15.32,7.3,22.62,21.98,up,ok,313746351,360851485,674597836
2024-09-07 21:47:42,25.6,87.4,15.32,7.3,22.62,21.98,up,ok,313881702,368083028,681964730
2024-09-07 21:47:44,10.7,87.0,15.32,7.3,22.62,21.98,up,ok,313987565,373355774,687343339
2024-09-07 21:47:46,7.8,87.3,15.32,7.3,22.62,21.98,up,ok,314106333,378261297,692367630
2024-09-07 21:47:48,24.9,88.6,15.32,7.3,22.62,21.98,up,ok,314220971,383819782,698040753
2024-09-07 21:48:03,67.5,92.1,19.22,21.72,40.94,19.85,up,ok,349105572,410772929,759878501
2024-09-07 21:48:05,60.9,93.1,19.22,21.72,40.94,19.85,up,ok,349220739,415910352,765131091
2024-09-07 21:48:07,55.3,93.3,19.22,21.72,40.94,19.85,up,ok,349322878,421057418,770380296
2024-09-07 21:48:09,18.1,94.7,19.22,21.72,40.94,19.85,up,ok,351031549,424644795,775676344
2024-09-07 21:48:11,33.8,93.5,19.22,21.72,40.94,19.85,up,ok,360029593,424810096,784839689
2024-09-07 21:48:13,24.5,93.4,19.22,21.72,40.94,19.85,up,ok,366778106,424971842,791749948
2024-09-07 21:48:15,21.0,93.5,19.22,21.72,40.94,19.85,up,ok,372517556,425070035,797587591
2024-09-07 21:48:17,17.5,93.9,19.22,21.72,40.94,19.85,up,ok,378438393,427146820,805585213
2024-09-07 21:48:19,20.9,93.8,19.22,21.72,40.94,19.85,up,ok,381576544,427204700,808781244
2024-09-07 21:48:20,28.2,91.6,20.96,20.56,41.52,20.11,up,ok,381580046,427209771,808789817
2024-09-07 21:48:21,23.8,91.7,19.22,21.72,40.94,19.85,up,ok,381580046,427209771,808789817
2024-09-07 21:48:22,12.0,91.9,20.96,20.56,41.52,20.11,up,ok,381581955,427261816,808843771
2024-09-07 21:48:23,33.9,91.9,19.22,21.72,40.94,19.85,up,ok,381583979,427276154,808860133
2024-09-07 21:48:24,50.4,92.6,20.96,20.56,41.52,20.11,up,ok,381599895,427283809,808883704
2024-09-07 21:48:25,27.5,92.6,19.22,21.72,40.94,19.85,up,ok,381609805,427291775,808901580
2024-09-07 21:48:26,54.4,93.0,20.96,20.56,41.52,20.11,up,ok,381628815,427308401,808937216
2024-09-07 21:48:27,29.0,93.1,19.22,21.72,40.94,19.85,up,ok,381634482,427311983,808946465
2024-09-07 21:48:28,93.4,94.3,20.96,20.56,41.52,20.11,up,ok,381767411,427628184,809395595
2024-09-07 21:48:54,26.6,91.9,10.56,14.6,25.16,25.51,up,ok,423936877,466098455,890035332
2024-09-07 21:48:56,10.9,91.7,10.56,14.6,25.16,25.51,up,ok,429477633,466188413,895666046
2024-09-07 21:48:58,33.7,91.4,10.56,14.6,25.16,25.51,up,ok,429490922,467876391,897367313
2024-09-07 21:49:00,8.5,89.1,6.96,10.24,17.2,22.33,up,ok,429501461,467896218,897397679
2024-09-07 21:49:00,24.9,88.8,10.56,14.6,25.16,25.51,up,ok,429514422,467976270,897490692
2024-09-07 21:49:02,19.5,89.1,6.96,10.24,17.2,22.33,up,ok,429559320,468170418,897729738
2024-09-07 21:49:02,16.3,88.9,10.56,14.6,25.16,25.51,up,ok,429565827,468245796,897811623
2024-09-07 21:49:04,24.0,89.1,6.96,10.24,17.2,22.33,up,ok,429576518,468419514,897996032
2024-09-07 21:49:05,25.4,89.1,10.56,14.6,25.16,25.51,up,ok,429584727,468568721,898153448
2024-09-07 21:49:06,16.5,88.6,6.96,10.24,17.2,22.33,up,ok,429601870,468934142,898536012
2024-09-07 21:49:07,9.3,88.6,10.56,14.6,25.16,25.51,up,ok,429601870,468934142,898536012
2024-09-07 21:49:08,12.8,88.5,6.96,10.24,17.2,22.33,up,ok,429601870,468934269,898536139
2024-09-07 21:49:09,9.8,88.5,10.56,14.6,25.16,25.51,up,ok,429601932,468934567,898536499
2024-09-07 21:49:10,13.5,88.5,6.96,10.24,17.2,22.33,up,ok,429601932,468934567,898536499
2024-09-07 21:49:11,29.6,87.9,10.56,14.6,25.16,25.51,up,ok,429607281,468936071,898543352
2024-09-07 21:49:12,13.7,87.5,6.96,10.24,17.2,22.33,up,ok,429607389,468936590,898543979
2024-09-07 21:49:13,12.2,87.3,10.56,14.6,25.16,25.51,up,ok,429607389,468936828,898544217
2024-09-07 21:49:14,10.2,87.4,6.96,10.24,17.2,22.33,up,ok,429607389,468936905,898544294
2024-09-07 21:49:15,18.2,87.4,10.56,14.6,25.16,25.51,up,ok,429607443,468937468,898544911
2024-09-07 21:49:16,6.2,87.4,6.96,10.24,17.2,22.33,up,ok,429607513,468937518,898545031
2024-09-07 21:49:17,5.7,87.4,10.56,14.6,25.16,25.51,up,ok,429607567,468937914,898545481
2024-09-07 21:49:18,5.5,87.6,6.96,10.24,17.2,22.33,up,ok,429627525,468976488,898604013
2024-09-07 21:49:19,6.2,87.6,10.56,14.6,25.16,25.51,up,ok,429627525,468976488,898604013
2024-09-07 21:49:20,3.9,87.6,6.96,10.24,17.2,22.33,up,ok,429640026,468998891,898638917
2024-09-07 21:49:21,7.8,87.5,10.56,14.6,25.16,25.51,up,ok,429654123,470861022,900515145
2024-09-07 21:49:22,4.3,87.7,6.96,10.24,17.2,22.33,up,ok,429654205,470861320,900515525
2024-09-07 21:49:23,6.6,87.7,10.56,14.6,25.16,25.51,up,ok,429654205,470861397,900515602
2024-09-07 21:49:24,4.3,87.8,6.96,10.24,17.2,22.33,up,ok,429654205,470861635,900515840
2024-09-07 21:49:25,1.6,87.8,10.56,14.6,25.16,25.51,up,ok,429654205,470861635,900515840
2024-09-07 21:49:26,13.6,87.8,6.96,10.24,17.2,22.33,up,ok,429659137,470863075,900522212
2024-09-07 21:49:27,4.7,87.8,10.56,14.6,25.16,25.51,up,ok,429659276,470863135,900522411
2024-09-07 21:49:28,4.3,87.8,6.96,10.24,17.2,22.33,up,ok,429659330,470863487,900522817
2024-09-07 21:49:29,12.5,87.8,10.56,14.6,25.16,25.51,up,ok,429663435,470871316,900534751
2024-09-07 21:49:30,9.8,87.7,6.96,10.24,17.2,22.33,up,ok,429671387,470886973,900558360
2024-09-07 21:49:31,16.0,87.7,10.56,14.6,25.16,25.51,up,ok,429671457,470887023,900558480
2024-09-07 21:49:32,9.4,87.7,6.96,10.24,17.2,22.33,up,ok,429673211,470887938,900561149
2024-09-07 21:49:33,8.6,87.6,10.56,14.6,25.16,25.51,up,ok,429674187,470888392,900562579
2024-09-07 21:49:34,12.5,87.6,6.96,10.24,17.2,22.33,up,ok,429674242,470888696,900562938
2024-09-07 21:49:35,9.4,87.5,10.56,14.6,25.16,25.51,up,ok,429674242,470888773,900563015
2024-09-07 21:49:36,8.2,87.5,6.96,10.24,17.2,22.33,up,ok,429674242,470889011,900563253
2024-09-07 21:49:37,5.4,87.4,10.56,14.6,25.16,25.51,up,ok,429674242,470889061,900563303
2024-09-07 21:49:38,23.6,87.3,6.96,10.24,17.2,22.33,up,ok,429675584,470895481,900571065
2024-09-07 21:50:02,11.0,83.6,8.49,11.71,20.2,20.65,up,ok,469378850,502535608,971914458
2024-09-07 21:50:04,13.3,81.6,8.49,11.71,20.2,20.65,up,ok,469380273,502537471,971917744
2024-09-07 21:50:05,10.9,81.5,13.98,9.26,23.24,19.85,up,ok,469380273,502537471,971917744
2024-09-07 21:50:06,16.1,81.5,8.49,11.71,20.2,20.65,up,ok,469392035,502938947,972330982
2024-09-07 21:50:07,17.1,81.4,13.98,9.26,23.24,19.85,up,ok,469403333,503531975,972935308
2024-09-07 21:50:08,13.1,81.2,8.49,11.71,20.2,20.65,up,ok,469418341,504582793,974001134
2024-09-07 21:50:09,7.8,81.2,13.98,9.26,23.24,19.85,up,ok,469418341,504582793,974001134
2024-09-07 21:50:10,8.1,81.2,8.49,11.71,20.2,20.65,up,ok,469419533,504588899,974008432
2024-09-07 21:50:12,13.7,81.0,8.49,11.71,20.2,20.65,up,ok,469463207,505943943,975407150
2024-09-07 21:50:14,16.5,80.8,8.49,11.71,20.2,20.65,up,ok,469607154,514250278,983857432
2024-09-07 21:50:16,20.3,80.6,8.49,11.71,20.2,20.65,up,ok,469704826,519448368,989153194
2024-09-07 21:50:19,26.1,80.6,8.49,11.71,20.2,20.65,up,ok,469803755,524595950,994399705
2024-09-07 21:50:21,12.3,81.1,8.49,11.71,20.2,20.65,up,ok,469899344,529762326,999661670
2024-09-07 21:50:23,16.4,83.1,8.49,11.71,20.2,20.65,up,ok,469972862,533873757,1003846619
2024-09-07 21:50:25,18.2,82.8,8.49,11.71,20.2,20.65,up,ok,479016692,534085695,1013102387
2024-09-07 21:50:27,10.9,82.9,8.49,11.71,20.2,20.65,up,ok,485082510,534201772,1019284282
2024-09-07 21:50:29,9.4,82.8,8.49,11.71,20.2,20.65,up,ok,490650766,536076024,1026726790
2024-09-07 21:50:31,15.0,82.7,8.49,11.71,20.2,20.65,up,ok,498219626,536295512,1034515138
2024-09-07 21:50:33,12.0,81.1,8.49,11.71,20.2,20.65,up,ok,503297017,536385839,1039682856
2024-09-07 21:50:34,4.3,81.1,22.41,21.63,44.04,33.43,up,ok,503297017,536385839,1039682856
2024-09-07 21:50:35,1.2,81.0,8.49,11.71,20.2,20.65,up,ok,503297072,536386220,1039683292
2024-09-07 21:50:36,15.0,80.9,22.41,21.63,44.04,33.43,up,ok,503319047,536388744,1039707791
2024-09-07 21:50:37,8.1,81.0,8.49,11.71,20.2,20.65,up,ok,503319047,536389032,1039708079
2024-09-07 21:50:38,7.1,80.9,22.41,21.63,44.04,33.43,up,ok,503319101,536389109,1039708210
2024-09-07 21:50:39,7.4,81.0,8.49,11.71,20.2,20.65,up,ok,503319209,536389407,1039708616
2024-09-07 21:50:40,13.3,80.8,22.41,21.63,44.04,33.43,up,ok,503319263,536389515,1039708778
2024-09-07 21:50:41,3.9,80.8,8.49,11.71,20.2,20.65,up,ok,503319263,536389830,1039709093
2024-09-07 21:50:42,4.3,80.8,22.41,21.63,44.04,33.43,up,ok,503319263,536389830,1039709093
2024-09-07 21:50:43,3.9,80.8,8.49,11.71,20.2,20.65,up,ok,503319263,536390068,1039709331
2024-09-07 21:50:44,7.4,80.8,22.41,21.63,44.04,33.43,up,ok,503319317,536390199,1039709516
2024-09-07 21:50:45,20.9,80.8,8.49,11.71,20.2,20.65,up,ok,503319456,536390655,1039710111
2024-09-07 21:50:46,6.3,80.8,22.41,21.63,44.04,33.43,up,ok,503319456,536390705,1039710161
2024-09-07 21:50:47,3.5,80.8,8.49,11.71,20.2,20.65,up,ok,503319743,536391473,1039711216
2024-09-07 21:50:48,6.6,80.7,22.41,21.63,44.04,33.43,up,ok,503319743,536391473,1039711216
2024-09-07 21:50:49,10.3,80.8,8.49,11.71,20.2,20.65,up,ok,503340728,537740399,1041081127
2024-09-07 21:50:50,21.6,80.8,22.41,21.63,44.04,33.43,up,ok,503348243,538872212,1042220455
2024-09-07 21:50:51,9.0,80.8,8.49,11.71,20.2,20.65,up,ok,503352638,538872903,1042225541
2024-09-07 21:50:52,8.9,80.9,22.41,21.63,44.04,33.43,up,ok,503355822,538874165,1042229987
2024-09-07 21:50:53,5.1,80.9,8.49,11.71,20.2,20.65,up,ok,503357432,538874480,1042231912
2024-09-07 21:50:54,10.2,81.1,22.41,21.63,44.04,33.43,up,ok,503364303,538881126,1042245429
2024-09-07 21:50:55,5.1,81.0,8.49,11.71,20.2,20.65,up,ok,503378178,538895382,1042273560
2024-09-07 21:50:56,11.6,81.1,22.41,21.63,44.04,33.43,up,ok,503383317,538896495,1042279812
2024-09-07 21:50:57,1.6,81.1,8.49,11.71,20.2,20.65,up,ok,503383573,538898862,1042282435
2024-09-07 21:50:58,6.5,81.0,22.41,21.63,44.04,33.43,up,ok,503383573,538898862,1042282435
2024-09-07 21:51:00,5.0,81.2,22.41,21.63,44.04,33.43,up,ok,503389742,538911430,1042301172
2024-09-07 21:51:02,15.1,81.2,22.41,21.63,44.04,33.43,up,ok,503505692,545867493,1049373185
2024-09-07 21:51:04,12.6,81.2,22.41,21.63,44.04,33.43,up,ok,503606240,551087403,1054693643
2024-09-07 21:51:06,12.8,81.2,22.41,21.63,44.04,33.43,up,ok,503693163,556273600,1059966763
2024-09-07 21:51:08,10.9,81.2,22.41,21.63,44.04,33.43,up,ok,503785978,561504964,1065290942
2024-09-07 21:51:23,16.9,81.4,22.27,22.23,44.5,45.67,up,ok,537709941,575643623,1113353564
2024-09-07 21:51:25,15.6,81.2,22.27,22.23,44.5,45.67,up,ok,537818707,581834629,1119653336
2024-09-07 21:51:27,17.3,81.1,22.27,22.23,44.5,45.67,up,ok,537914310,587058486,1124972796
2024-09-07 21:51:29,18.1,81.1,22.27,22.23,44.5,45.67,up,ok,538008098,592275351,1130283449
2024-09-07 21:51:31,9.6,81.0,22.27,22.23,44.5,45.67,up,ok,538110999,597455410,1135566409
2024-09-07 21:51:33,15.8,83.0,22.27,22.23,44.5,45.67,up,ok,542438830,600018308,1142457138
2024-09-07 21:51:35,12.1,83.1,22.27,22.23,44.5,45.67,up,ok,550371814,601774558,1152146372
2024-09-07 21:51:37,10.0,83.2,22.27,22.23,44.5,45.67,up,ok,556169100,601899798,1158068898
2024-09-07 21:51:39,10.2,83.2,22.27,22.23,44.5,45.67,up,ok,561760237,602017365,1163777602
2024-09-07 21:51:41,13.0,82.7,22.27,22.23,44.5,45.67,up,ok,567891136,602099731,1169990867
2024-09-07 21:51:43,10.9,80.8,22.27,22.23,44.5,45.67,up,ok,571507304,602142013,1173649317
2024-09-07 21:51:43,10.5,80.8,22.51,22.82,45.33,27.27,up,ok,571507304,602142013,1173649317
2024-09-07 21:51:45,4.7,80.8,22.27,22.23,44.5,45.67,up,ok,571507412,602142486,1173649898
2024-09-07 21:51:45,2.7,80.8,22.51,22.82,45.33,27.27,up,ok,571507412,602142486,1173649898
2024-09-07 21:51:47,14.9,80.7,22.27,22.23,44.5,45.67,up,ok,571507536,602142774,1173650310
2024-09-07 21:51:47,9.2,80.7,22.51,22.82,45.33,27.27,up,ok,571507536,602142774,1173650310
2024-09-07 21:51:49,13.2,80.8,22.51,22.82,45.33,27.27,up,ok,571528000,602174184,1173702184
2024-09-07 21:51:51,39.2,82.1,22.51,22.82,45.33,27.27,up,ok,571531806,602179515,1173711321
2024-09-07 21:51:54,12.3,82.2,22.51,22.82,45.33,27.27,up,ok,571545919,602720966,1174266885
2024-09-07 21:51:56,10.5,82.1,22.51,22.82,45.33,27.27,up,ok,571709485,611385712,1183095197
2024-09-07 21:51:58,11.5,82.1,22.51,22.82,45.33,27.27,up,ok,571811319,616569590,1188380909
2024-09-07 21:52:00,20.2,82.1,22.51,22.82,45.33,27.27,up,ok,571919681,621449870,1193369551
2024-09-07 21:52:02,14.8,81.1,22.51,22.82,45.33,27.27,up,ok,572013279,626903128,1198916407
2024-09-07 21:52:04,14.1,82.7,22.51,22.82,45.33,27.27,up,ok,572098740,631358745,1203457485
2024-09-07 21:52:06,17.4,83.7,22.51,22.82,45.33,27.27,up,ok,581447539,631527321,1212974860
2024-09-07 21:52:08,12.2,83.7,22.51,22.82,45.33,27.27,up,ok,587382605,631615103,1218997708
2024-09-07 22:13:27,21.1,87.5,21.2,20.74,41.94,84.8,up,ok,625463258,828965780,1454429038
2024-09-07 22:13:29,15.4,87.7,21.2,20.74,41.94,84.8,up,ok,629947969,829077810,1459025779
2024-09-07 22:13:38,16.1,85.4,12.88,16.16,29.04,32.03,up,ok,646205868,832904806,1479110674
2024-09-07 22:13:40,17.9,85.4,12.88,16.16,29.04,32.03,up,ok,646344948,840005266,1486350214
2024-09-07 22:13:58,11.2,85.4,21.27,21.44,42.71,151.22,up,ok,678188166,873602019,1551790185
2024-09-07 22:14:56,5.5,85.5,13.53,8.99,22.52,27.04,up,ok,705648006,908607970,1614255976
2024-09-07 22:14:58,8.2,83.7,8.58,12.52,21.1,24.58,up,ok,708149309,908668739,1616818048
2024-09-07 22:14:58,8.1,83.5,13.53,8.99,22.52,27.04,up,ok,708149309,908668739,1616818048
2024-09-07 22:15:00,4.7,83.5,13.53,8.99,22.52,27.04,up,ok,708149363,908668957,1616818320
2024-09-07 22:15:02,5.8,83.5,13.53,8.99,22.52,27.04,up,ok,708150641,908669266,1616819907
2024-09-07 22:15:28,6.3,83.8,20.26,22.94,43.2,72.34,up,ok,743024048,937290815,1680314863
2024-09-07 22:15:30,6.9,83.9,20.26,22.94,43.2,72.34,up,ok,743024102,937291033,1680315135
2024-09-07 22:15:32,8.2,83.9,20.26,22.94,43.2,72.34,up,ok,743024102,937291033,1680315135
2024-09-07 22:27:01,5.4,85.6,8.78,13.66,22.44,29.3,up,ok,779867874,1006273168,1786141042
2024-09-07 22:27:01,4.3,85.6,9.54,8.47,18.01,32.65,up,ok,779867874,1006273168,1786141042
2024-09-07 22:27:03,36.4,85.1,8.78,13.66,22.44,29.3,up,ok,779883828,1006282874,1786166702
2024-09-07 22:27:03,41.0,85.1,9.54,8.47,18.01,32.65,up,ok,779883883,1006283006,1786166889
2024-09-07 22:27:05,29.5,85.8,8.78,13.66,22.44,29.3,up,ok,779917255,1006378517,1786295772
2024-09-07 22:27:05,28.8,86.0,9.54,8.47,18.01,32.65,up,ok,779926798,1006388960,1786315758
2024-09-07 22:27:07,17.9,86.2,8.78,13.66,22.44,29.3,up,ok,779949259,1007005371,1786954630
2024-09-07 22:27:34,11.6,84.7,10.42,21.2,31.62,113.36,up,ok,809071112,1038652273,1847723385
2024-09-07 22:27:36,11.2,84.8,10.42,21.2,31.62,113.36,up,ok,809164715,1043054676,1852219391
2024-09-07 22:29:39,39.2,87.0,8.66,8.85,17.51,50.86,up,ok,828054678,1072657901,1900712579
2024-09-07 22:29:41,38.8,87.5,8.66,8.85,17.51,50.86,up,ok,828172546,1077141832,1905314378
2024-09-07 22:29:43,20.5,90.5,8.66,8.85,17.51,50.86,up,ok,828214584,1077809672,1906024256
2024-09-07 22:29:53,10.1,86.4,10.41,3.86,14.27,76.55,up,ok,833453785,1079767442,1913221227
2024-09-07 22:29:55,8.6,86.5,10.41,3.86,14.27,76.55,up,ok,833453785,1079767545,1913221330
2024-09-07 22:29:57,32.7,86.6,10.41,3.86,14.27,76.55,up,ok,833455537,1079767856,1913223393
2024-09-07 22:29:59,29.5,87.0,10.41,3.86,14.27,76.55,up,ok,833462235,1079777921,1913240156
2024-09-07 22:30:01,21.1,87.2,10.41,3.86,14.27,76.55,up,ok,833465534,1079784326,1913249860
2024-09-07 22:30:04,14.0,86.9,10.41,3.86,14.27,76.55,up,ok,833532268,1083417854,1916950122
2024-09-07 22:30:06,10.7,87.1,10.41,3.86,14.27,76.55,up,ok,833665535,1090667560,1924333095
2024-09-07 22:30:08,16.2,86.9,10.41,3.86,14.27,76.55,up,ok,833756747,1095568186,1929324933
2024-09-07 22:30:10,12.8,86.7,10.41,3.86,14.27,76.55,up,ok,833850336,1100359046,1934209382
2024-09-07 22:30:12,17.0,86.4,10.41,3.86,14.27,76.55,up,ok,833944974,1105355378,1939300352
2024-09-07 22:30:14,30.9,89.4,10.41,3.86,14.27,76.55,up,ok,836762844,1107317758,1944080602
2024-09-07 22:32:09,20.2,91.9,0,0,0,0,up,ok,839689851,1146779743,1986469594
2024-09-07 22:32:10,8.9,91.5,0,0,0,0,up,ok,839689961,1146779809,1986469770
2024-09-07 22:32:11,35.6,92.1,0,0,0,0,up,ok,839726102,1150989738,1990715840
2024-09-07 22:32:12,13.2,92.1,0,0,0,0,up,ok,839726415,1150989874,1990716289
2024-09-07 22:32:13,4.7,92.2,0,0,0,0,up,ok,839735633,1151004225,1990739858
2024-09-07 22:32:14,10.1,92.2,0,0,0,0,up,ok,839736765,1151006108,1990742873
2024-09-07 22:32:15,2.7,92.3,0,0,0,0,up,ok,839743991,1151014960,1990758951
2024-09-07 22:32:16,3.9,92.3,0,0,0,0,up,ok,839747835,1151016845,1990764680
2024-09-07 22:32:17,8.2,92.3,0,0,0,0,up,ok,839777203,1151041744,1990818947
2024-09-07 22:32:18,33.6,93.3,0,0,0,0,up,ok,839837137,1151043069,1990880206
2024-09-07 22:32:19,41.0,93.4,0,0,0,0,up,ok,839842029,1151064084,1990906113
2024-09-07 22:32:20,25.2,93.7,0,0,0,0,up,ok,839858750,1151142619,1991001369
2024-09-07 22:32:21,17.9,92.7,0,0,0,0,up,ok,839894607,1151230060,1991124667
2024-09-07 22:32:22,13.1,92.7,0,0,0,0,up,ok,839900631,1151230296,1991130927
2024-09-07 22:32:23,31.7,92.9,0,0,0,0,up,ok,839909579,1151378414,1991287993
2024-09-07 22:32:24,21.7,91.9,0,0,0,0,up,ok,839914277,1151435462,1991349739
2024-09-07 22:32:25,26.3,92.4,0,0,0,0,up,ok,839920056,1151651568,1991571624
2024-09-07 22:32:26,12.5,92.8,0,0,0,0,up,ok,839941695,1151845070,1991786765
2024-09-07 22:32:27,5.8,93.1,0,0,0,0,up,ok,839941912,1151845070,1991786982
2024-09-07 22:32:28,16.7,94.1,0,0,0,0,up,ok,839943371,1151845729,1991789100
2024-09-07 22:32:29,19.8,93.6,0,0,0,0,up,ok,839944749,1151863591,1991808340
2024-09-07 22:32:30,17.1,93.4,0,0,0,0,up,ok,839945043,1151864014,1991809057
2024-09-07 22:32:31,13.2,93.3,0,0,0,0,up,ok,839952795,1151867609,1991820404
2024-09-07 22:32:32,10.1,93.2,0,0,0,0,up,ok,839973197,1151889124,1991862321
2024-09-07 22:32:33,8.2,91.8,0,0,0,0,up,ok,839987333,1152060215,1992047548
2024-09-07 22:32:34,15.2,91.5,0,0,0,0,up,ok,840005184,1152568666,1992573850
2024-09-07 22:32:35,9.8,91.3,0,0,0,0,up,ok,840021042,1153124644,1993145686
2024-09-07 22:32:36,12.7,91.2,0,0,0,0,up,ok,840032506,1153649828,1993682334
2024-09-07 22:32:37,6.6,91.2,0,0,0,0,up,ok,840038881,1153880309,1993919190
2024-09-07 22:32:38,13.7,91.2,0,0,0,0,up,ok,840039731,1153916023,1993955754
2024-09-07 22:32:40,19.1,91.2,0,0,0,0,up,ok,840051200,1153938762,1993989962
2024-09-07 22:32:41,14.2,90.9,0,0,0,0,up,ok,840052239,1153939860,1993992099
2024-09-07 22:32:42,5.9,90.8,0,0,0,0,up,ok,840052371,1153939992,1993992363
2024-09-07 22:32:43,4.6,90.7,0,0,0,0,up,ok,840052371,1153939992,1993992363
2024-09-07 22:32:44,5.5,90.7,0,0,0,0,up,ok,840059780,1153945177,1994004957
2024-09-07 22:32:45,12.3,90.7,0,0,0,0,up,ok,840064290,1153946073,1994010363
2024-09-07 22:32:46,15.6,90.7,0,0,0,0,up,ok,840064345,1153946139,1994010484
2024-09-07 22:32:47,38.1,90.5,0,0,0,0,up,ok,840064400,1153946205,1994010605
2024-09-07 22:32:48,29.0,90.5,0,0,0,0,up,ok,840066339,1153946490,1994012829
2024-09-07 22:32:49,11.2,90.5,0,0,0,0,up,ok,840066611,1153946490,1994013101
2024-09-07 22:32:50,13.2,90.8,0,0,0,0,up,ok,840078025,1153950358,1994028383
2024-09-07 22:32:51,10.2,90.8,0,0,0,0,up,ok,840078501,1153951367,1994029868
2024-09-07 22:32:52,3.5,90.8,0,0,0,0,up,ok,840079293,1153951535,1994030828
2024-09-07 22:32:53,8.0,90.7,0,0,0,0,up,ok,840079536,1153951535,1994031071
2024-09-07 22:32:54,5.1,90.6,0,0,0,0,up,ok,840086901,1153952614,1994039515
2024-09-07 22:32:55,8.6,90.6,0,0,0,0,up,ok,840092102,1153953887,1994045989
2024-09-07 22:32:56,18.0,90.5,0,0,0,0,up,ok,840093793,1153953887,1994047680
2024-09-07 22:32:57,10.9,90.7,0,0,0,0,up,ok,840100050,1153956785,1994056835
2024-09-07 22:32:58,11.6,90.9,0,0,0,0,up,ok,840120457,1154242340,1994362797
2024-09-07 22:32:59,9.3,90.9,0,0,0,0,up,ok,840126316,1154506877,1994633193
2024-09-07 22:33:00,18.2,90.9,0,0,0,0,up,ok,840132909,1154543132,1994676041
2024-09-07 22:33:01,24.8,91.0,0,0,0,0,up,ok,840157612,1158082669,1998240281
2024-09-07 22:33:02,22.9,91.3,0,0,0,0,up,ok,840157612,1158082808,1998240420
2024-09-07 22:33:03,8.6,91.4,0,0,0,0,up,ok,840162894,1158090185,1998253079
2024-09-07 22:33:04,8.9,91.4,0,0,0,0,up,ok,840171680,1158097185,1998268865
2024-09-07 22:33:05,5.5,91.4,0,0,0,0,up,ok,840172052,1158098208,1998270260
2024-09-07 22:33:06,16.0,91.4,0,0,0,0,up,ok,840172538,1158098208,1998270746
2024-09-07 22:33:07,8.3,91.3,0,0,0,0,up,ok,840172794,1158098208,1998271002
2024-09-07 22:33:08,8.6,91.4,0,0,0,0,up,ok,840172879,1158098268,1998271147
2024-09-07 22:33:09,8.9,91.4,0,0,0,0,up,ok,840172879,1158098268,1998271147
2024-09-07 22:33:10,18.2,91.3,0,0,0,0,up,ok,840173691,1158098268,1998271959
2024-09-07 22:33:11,9.8,91.3,0,0,0,0,up,ok,840173745,1158098793,1998272538
2024-09-07 22:33:12,3.1,91.3,0,0,0,0,up,ok,840175433,1158099101,1998274534
2024-09-07 22:33:13,4.7,91.1,0,0,0,0,up,ok,840175541,1158099101,1998274642
2024-09-07 22:33:14,5.4,91.1,0,0,0,0,up,ok,840175649,1158099366,1998275015
2024-09-07 22:33:15,5.4,91.0,0,0,0,0,up,ok,840175703,1158099524,1998275227
2024-09-07 22:33:16,10.5,91.1,0,0,0,0,up,ok,840175703,1158099691,1998275394
2024-09-07 22:33:17,13.7,91.3,0,0,0,0,up,ok,840176711,1158100079,1998276790
2024-09-07 22:33:18,6.6,91.3,0,0,0,0,up,ok,840176917,1158100181,1998277098
2024-09-07 22:33:19,8.9,91.2,0,0,0,0,up,ok,840177173,1158100181,1998277354
2024-09-07 22:33:20,20.1,91.5,0,0,0,0,up,ok,840207301,1159328540,1999535841
2024-09-07 22:33:21,40.7,91.3,0,0,0,0,up,ok,840286434,1162931494,2003217928
2024-09-07 22:33:22,9.0,91.4,0,0,0,0,up,ok,840321856,1162941028,2003262884
2024-09-07 22:33:23,5.5,91.3,0,0,0,0,up,ok,840322459,1162948979,2003271438
2024-09-07 22:33:25,18.5,91.2,0,0,0,0,up,ok,840324838,1163002434,2003327272
2024-09-07 22:33:25,13.7,91.2,0,0,0,0,up,ok,840332552,1163049916,2003382468
2024-09-07 22:33:27,49.8,91.9,0,0,0,0,up,ok,840337017,1163125430,2003462447
2024-09-07 22:33:28,29.6,92.2,0,0,0,0,up,ok,840400547,1163181884,2003582431
2024-09-07 22:33:29,19.5,92.4,0,0,0,0,up,ok,840491450,1163282968,2003774418
2024-09-07 22:33:30,27.0,92.5,0,0,0,0,up,ok,840499642,1163351887,2003851529
2024-09-07 22:33:31,30.7,92.2,0,0,0,0,up,ok,840603196,1163389199,2003992395
2024-09-07 22:33:32,37.7,92.4,0,0,0,0,up,ok,840611320,1163452590,2004063910
2024-09-07 22:33:33,41.5,92.3,0,0,0,0,up,ok,840693712,1163512464,2004206176
2024-09-07 22:33:34,24.1,92.4,0,0,0,0,up,ok,840729494,1163545775,2004275269
2024-09-07 22:33:35,15.8,92.4,0,0,0,0,up,ok,840754796,1163557407,2004312203
2024-09-07 22:33:36,35.7,94.5,0,0,0,0,up,ok,840776390,1163569251,2004345641
2024-09-07 22:33:37,19.1,95.3,0,0,0,0,up,ok,840786084,1163572508,2004358592
2024-09-07 22:33:38,49.4,95.5,0,0,0,0,up,ok,840840757,1163587374,2004428131
2024-09-07 22:33:39,38.2,93.6,0,0,0,0,up,ok,840860741,1163597112,2004457853
2024-09-07 22:33:40,26.0,93.6,0,0,0,0,up,ok,840869008,1163621716,2004490724
2024-09-07 22:33:41,15.9,92.6,0,0,0,0,up,ok,840869334,1163622444,2004491778
2024-09-07 22:33:42,9.8,92.7,0,0,0,0,up,ok,840870729,1163622723,2004493452
2024-09-07 22:33:43,9.4,92.5,0,0,0,0,up,ok,840871000,1163622897,2004493897
2024-09-07 22:33:44,10.5,90.7,0,0,0,0,up,ok,840871109,1163623005,2004494114
2024-09-07 22:33:45,55.9,91.3,0,0,0,0,up,ok,840871617,1163623300,2004494917
2024-09-07 22:34:18,19.1,90.5,0,0,0,0,up,ok,841207084,1173072345,2014279429
2024-09-07 22:34:20,20.8,90.2,0,0,0,0,up,ok,841209649,1173081766,2014291415
2024-09-07 22:34:20,20.8,90.2,0,0,0,0,up,ok,841209649,1173081766,2014291415
2024-09-07 22:34:22,27.6,91.6,0,0,0,0,up,ok,841220969,1173087686,2014308655
2024-09-07 22:34:22,28.8,91.4,0,0,0,0,up,ok,841220969,1173087686,2014308655
2024-09-07 22:34:24,27.0,91.2,0,0,0,0,up,ok,841222376,1173089025,2014311401
2024-09-07 22:34:24,23.9,91.3,0,0,0,0,up,ok,841224500,1173097762,2014322262
2024-09-07 22:34:26,28.7,91.8,0,0,0,0,up,ok,841227364,1173097762,2014325126
2024-09-07 22:34:27,26.7,91.8,0,0,0,0,up,ok,841227364,1173097762,2014325126
2024-09-07 22:34:29,5.9,91.7,0,0,0,0,up,ok,841234327,1173112222,2014346549
2024-09-07 22:34:29,5.4,91.7,0,0,0,0,up,ok,841234327,1173112222,2014346549
2024-09-07 22:34:31,5.4,91.6,0,0,0,0,up,ok,841234518,1173112446,2014346964
2024-09-07 22:34:31,6.6,91.5,0,0,0,0,up,ok,841234518,1173112446,2014346964
2024-09-07 22:34:33,5.4,91.2,0,0,0,0,up,ok,841234900,1173112632,2014347532
2024-09-07 22:34:33,5.1,91.1,0,0,0,0,up,ok,841238040,1173112632,2014350672
2024-09-07 22:34:35,7.3,90.3,0,0,0,0,up,ok,841253831,1175648847,2016902678
2024-09-07 22:34:35,7.0,90.3,0,0,0,0,up,ok,841253831,1175648847,2016902678
2024-09-07 22:34:37,22.5,90.5,0,0,0,0,up,ok,841254137,1175649892,2016904029
2024-09-07 22:34:37,22.8,90.5,0,0,0,0,up,ok,841254137,1175649892,2016904029
2024-09-07 22:34:39,9.8,90.6,0,0,0,0,up,ok,841255647,1175659076,2016914723
2024-09-07 22:34:39,22.8,90.5,0,0,0,0,up,ok,841255647,1175659076,2016914723
2024-09-07 22:34:41,26.7,89.4,0,0,0,0,up,ok,841260840,1175664655,2016925495
2024-09-07 22:34:41,12.8,89.3,0,0,0,0,up,ok,841260840,1175664655,2016925495
2024-09-07 22:34:43,14.1,89.3,0,0,0,0,up,ok,841285588,1175726064,2017011652
2024-09-07 22:34:43,14.9,88.8,0,0,0,0,up,ok,841285858,1175726592,2017012450
2024-09-07 22:34:45,2.3,88.6,0,0,0,0,up,ok,841288846,1175726592,2017015438
2024-09-07 22:34:45,1.9,88.6,0,0,0,0,up,ok,841288900,1175726750,2017015650
2024-09-07 22:34:47,8.7,88.7,0,0,0,0,up,ok,841289661,1175727700,2017017361
2024-09-07 22:34:47,6.2,88.7,0,0,0,0,up,ok,841289878,1175727700,2017017578
2024-09-07 22:34:49,8.5,88.5,0,0,0,0,up,ok,841293193,1175727760,2017020953
2024-09-07 22:34:49,7.4,88.6,0,0,0,0,up,ok,841293410,1175727760,2017021170
2024-09-07 22:34:51,8.0,88.5,0,0,0,0,up,ok,841293905,1175728127,2017022032
2024-09-07 22:34:51,7.8,88.6,0,0,0,0,up,ok,841293905,1175728127,2017022032
2024-09-07 22:34:53,11.6,88.5,0,0,0,0,up,ok,841294177,1175728361,2017022538
2024-09-07 22:34:53,10.3,88.5,0,0,0,0,up,ok,841294177,1175728361,2017022538
2024-09-07 22:34:55,20.3,89.1,0,0,0,0,up,ok,841324339,1175751754,2017076093
2024-09-07 22:34:55,19.0,89.1,0,0,0,0,up,ok,841355855,1175758493,2017114348
2024-09-07 22:34:57,25.8,88.9,0,0,0,0,up,ok,841389334,1175771924,2017161258
2024-09-07 22:34:57,29.5,88.3,0,0,0,0,up,ok,841389763,1175779590,2017169353
2024-09-07 22:34:59,34.4,85.6,0,0,0,0,up,ok,841391925,1175868796,2017260721
2024-09-07 22:34:59,23.3,85.7,0,0,0,0,up,ok,841391925,1175868796,2017260721
2024-09-07 22:35:01,27.1,85.4,0,0,0,0,up,ok,841420735,1179454760,2020875495
2024-09-07 22:35:01,22.7,85.4,0,0,0,0,up,ok,841420790,1179454760,2020875550
2024-09-07 22:35:03,15.9,85.5,0,0,0,0,up,ok,841423701,1179530605,2020954306
2024-09-07 22:35:03,17.6,85.5,0,0,0,0,up,ok,841423917,1179543857,2020967774
2024-09-07 22:35:05,21.7,85.6,0,0,0,0,up,ok,841427302,1179634300,2021061602
2024-09-07 22:35:05,23.0,85.6,0,0,0,0,up,ok,841427302,1179634300,2021061602
2024-09-07 22:35:07,19.6,85.5,0,0,0,0,up,ok,841433018,1179743535,2021176553
2024-09-07 22:35:08,12.6,85.7,0,0,0,0,up,ok,841433180,1179756919,2021190099
2024-09-07 22:35:10,21.6,85.9,0,0,0,0,up,ok,841472386,1179796799,2021269185
2024-09-07 22:35:12,6.6,86.0,0,0,0,0,up,ok,841516193,1179920102,2021436295
2024-09-07 22:35:14,14.8,86.0,0,0,0,0,up,ok,841741589,1188799002,2030540591
2024-09-07 22:35:16,15.2,85.8,0,0,0,0,up,ok,841837657,1194138286,2035975943
2024-09-07 22:35:18,15.9,85.6,0,0,0,0,up,ok,841934296,1199101151,2041035447
2024-09-07 22:35:20,12.9,85.6,0,0,0,0,up,ok,842033015,1204077920,2046110935
2024-09-07 22:35:22,14.4,86.7,0,0,0,0,up,ok,842114505,1208543465,2050657970
2024-09-07 22:35:24,23.2,87.3,0,0,0,0,up,ok,847079315,1212569621,2059648936
2024-09-07 22:35:26,20.2,87.3,0,0,0,0,up,ok,853799001,1212733027,2066532028
2024-09-07 22:35:33,12.1,84.4,22.2,22.21,44.41,50.72,up,ok,872990700,1216935413,2089926113
2024-09-07 22:35:35,24.4,85.2,22.2,22.21,44.41,50.72,up,ok,873100789,1222588372,2095689161
2024-09-07 22:35:37,13.0,85.3,22.2,22.21,44.41,50.72,up,ok,873197259,1227626927,2100824186
2024-09-07 22:35:39,8.9,85.2,22.2,22.21,44.41,50.72,up,ok,873282335,1232410356,2105692691
2024-09-07 22:35:41,7.4,85.2,22.2,22.21,44.41,50.72,up,ok,873373167,1237504102,2110877269
2024-09-07 22:35:43,14.3,87.0,22.2,22.21,44.41,50.72,up,ok,875099609,1240191016,2115290625
2024-09-07 22:35:45,38.2,86.8,22.2,22.21,44.41,50.72,up,ok,880577416,1245205758,2125783174
2024-09-07 22:35:47,13.1,86.9,22.2,22.21,44.41,50.72,up,ok,887627630,1245513213,2133140843
2024-09-07 22:35:49,14.2,86.8,22.2,22.21,44.41,50.72,up,ok,894981466,1245696890,2140678356
2024-09-07 22:35:51,10.0,86.9,22.2,22.21,44.41,50.72,up,ok,900769458,1245827679,2146597137
2024-09-07 22:35:53,8.1,85.2,22.2,22.21,44.41,50.72,up,ok,902333295,1245856067,2148189362
2024-09-07 22:35:54,2.7,85.2,20.86,19.98,40.84,28.95,up,ok,902333349,1245856251,2148189600
2024-09-07 22:35:55,8.1,85.6,22.2,22.21,44.41,50.72,up,ok,902333404,1245856317,2148189721
2024-09-07 22:35:56,8.1,85.6,20.86,19.98,40.84,28.95,up,ok,902333687,1245856317,2148190004
2024-09-07 22:35:57,7.8,85.7,22.2,22.21,44.41,50.72,up,ok,902335098,1245856746,2148191844
2024-09-07 22:36:26,9.8,85.4,9.06,9.04,18.1,56.93,up,ok,936751192,1274573090,2211324282
2024-09-07 22:36:28,8.9,85.6,9.06,9.04,18.1,56.93,up,ok,936751692,1274573150,2211324842
2024-09-07 22:36:30,12.2,83.6,9.06,9.04,18.1,56.93,up,ok,936773304,1277327184,2214100488
2024-09-07 22:36:31,9.8,83.5,9.01,8.3,17.31,84.6,up,ok,936773304,1277327184,2214100488
2024-09-07 22:36:32,32.0,83.9,9.06,9.04,18.1,56.93,up,ok,936774540,1277328385,2214102925
2024-09-07 22:36:33,18.0,83.9,9.01,8.3,17.31,84.6,up,ok,936775736,1277328385,2214104121
2024-09-07 22:36:34,8.2,83.9,9.06,9.04,18.1,56.93,up,ok,936781353,1277338630,2214119983
2024-09-07 22:36:35,7.8,83.9,9.01,8.3,17.31,84.6,up,ok,936782603,1277338878,2214121481
2024-09-07 22:36:37,6.2,83.8,9.06,9.04,18.1,56.93,up,ok,936789969,1277350877,2214140846
2024-09-07 22:36:37,7.3,83.8,9.01,8.3,17.31,84.6,up,ok,936791012,1277350877,2214141889
2024-09-07 22:36:39,8.5,83.7,9.06,9.04,18.1,56.93,up,ok,936797814,1277370799,2214168613
2024-09-07 22:36:41,5.1,83.7,9.06,9.04,18.1,56.93,up,ok,936799633,1277373220,2214172853
2024-09-07 22:36:43,10.9,83.6,9.06,9.04,18.1,56.93,up,ok,936804773,1277378649,2214183422
2024-09-07 22:36:45,17.4,83.4,9.06,9.04,18.1,56.93,up,ok,936847238,1279904264,2216751502
2024-09-07 22:36:47,13.2,83.4,9.06,9.04,18.1,56.93,up,ok,936909402,1283775340,2220684742
2024-09-07 22:36:49,17.8,83.9,9.06,9.04,18.1,56.93,up,ok,937035526,1289643189,2226678715
2024-09-07 22:36:51,11.1,85.3,9.06,9.04,18.1,56.93,up,ok,937116890,1293359525,2230476415
2024-09-07 22:36:53,22.9,85.6,9.06,9.04,18.1,56.93,up,ok,937133890,1294294284,2231428174
2024-09-07 22:36:55,38.4,87.5,9.06,9.04,18.1,56.93,up,ok,937157511,1295176131,2232333642
2024-09-07 22:36:57,29.1,87.6,9.06,9.04,18.1,56.93,up,ok,937540579,1297250423,2234791002
2024-09-07 22:36:59,10.1,87.0,9.06,9.04,18.1,56.93,up,ok,939146962,1298172201,2237319163
2024-09-07 22:37:01,25.7,88.8,9.06,9.04,18.1,56.93,up,ok,943327089,1298341879,2241668968
2024-09-07 22:37:03,11.3,88.7,9.06,9.04,18.1,56.93,up,ok,944084252,1298368248,2242452500
2024-09-07 22:37:05,34.4,87.3,9.06,9.04,18.1,56.93,up,ok,945411717,1298432551,2243844268
2024-09-07 22:37:06,15.5,86.9,12.63,6.1,18.73,108.72,up,ok,945411717,1298432551,2243844268
2024-09-07 22:37:07,27.3,86.2,9.06,9.04,18.1,56.93,up,ok,945411717,1298432551,2243844268
2024-09-07 22:37:08,26.5,86.3,12.63,6.1,18.73,108.72,up,ok,945411717,1298432551,2243844268
2024-09-07 22:37:09,15.7,86.3,9.06,9.04,18.1,56.93,up,ok,945413211,1298432767,2243845978
2024-09-07 22:37:10,9.2,86.3,12.63,6.1,18.73,108.72,up,ok,945413211,1298432767,2243845978
2024-09-07 22:37:11,10.9,86.3,9.06,9.04,18.1,56.93,up,ok,945414705,1298432767,2243847472
2024-09-07 22:37:12,9.7,86.3,12.63,6.1,18.73,108.72,up,ok,945418205,1298435575,2243853780
2024-09-07 22:37:13,10.9,86.1,9.06,9.04,18.1,56.93,up,ok,945425183,1298440475,2243865658
2024-09-07 22:37:14,9.4,86.0,12.63,6.1,18.73,108.72,up,ok,945425183,1298440578,2243865761
2024-09-07 22:37:15,2.7,85.8,9.06,9.04,18.1,56.93,up,ok,945425304,1298440960,2243866264
2024-09-07 22:37:16,10.4,85.8,12.63,6.1,18.73,108.72,up,ok,945425304,1298441305,2243866609
2024-09-07 22:37:17,4.3,85.5,9.06,9.04,18.1,56.93,up,ok,945428363,1298448862,2243877225
2024-09-07 22:37:42,8.1,92.1,8.05,12.54,20.59,30.44,up,ok,982256674,1329111329,2311368003
2024-09-07 22:37:44,16.4,91.0,8.05,12.54,20.59,30.44,up,ok,982292636,1334050220,2316342856
2024-09-07 22:37:46,18.4,89.2,7.82,7.28,15.1,36.8,up,ok,982296832,1334051706,2316348538
2024-09-07 22:37:46,21.3,89.2,8.05,12.54,20.59,30.44,up,ok,982296832,1334053200,2316350032
2024-09-07 22:37:48,3.5,89.4,7.82,7.28,15.1,36.8,up,ok,982298324,1334059402,2316357726
2024-09-07 22:38:18,11.5,90.6,17.35,16.28,33.63,84.82,up,ok,1013980620,1377836972,2391817592
2024-09-07 22:38:27,11.0,89.7,9.65,20.37,30.02,94.94,up,ok,1038085000,1378315536,2416400536
2024-09-07 22:38:29,16.4,89.4,9.65,20.37,30.02,94.94,up,ok,1038095773,1378518689,2416614462
2024-09-07 22:38:31,12.0,89.5,9.65,20.37,30.02,94.94,up,ok,1038215835,1387056611,2425272446
2024-09-07 22:38:33,10.8,89.5,9.65,20.37,30.02,94.94,up,ok,1038302649,1391814749,2430117398
2024-09-07 22:38:35,7.0,89.3,9.65,20.37,30.02,94.94,up,ok,1038391291,1396572766,2434964057
2024-09-07 22:38:37,11.2,89.4,9.65,20.37,30.02,94.94,up,ok,1038487140,1401340322,2439827462
2024-09-07 22:38:39,5.6,89.4,9.65,20.37,30.02,94.94,up,ok,1038557191,1405179166,2443736357
2024-09-07 22:38:42,15.1,89.4,9.65,20.37,30.02,94.94,up,ok,1038559965,1405192260,2443752225
2024-09-07 22:38:44,31.3,90.0,9.65,20.37,30.02,94.94,up,ok,1038598580,1405262785,2443861365
2024-09-07 22:38:46,76.7,85.6,9.65,20.37,30.02,94.94,up,ok,1038834616,1405301016,2444135632
2024-09-07 22:38:48,20.6,86.7,9.65,20.37,30.02,94.94,up,ok,1041796154,1405548226,2447344380
2024-09-07 22:38:50,23.5,87.7,9.65,20.37,30.02,94.94,up,ok,1042072372,1405678134,2447750506
2024-09-07 22:38:52,10.5,88.1,9.65,20.37,30.02,94.94,up,ok,1044410050,1405834738,2450244788
2024-09-07 22:38:54,14.2,87.9,9.65,20.37,30.02,94.94,up,ok,1052100395,1405915835,2458016230
2024-09-07 22:38:56,15.1,85.3,9.65,20.37,30.02,94.94,up,ok,1056429906,1409419940,2465849846
2024-09-07 22:38:56,17.4,85.4,11.84,13.22,25.06,44.77,up,ok,1056429972,1409420006,2465849978
2024-09-07 22:38:58,7.4,85.7,9.65,20.37,30.02,94.94,up,ok,1056435841,1409422629,2465858470
2024-09-07 22:38:58,5.8,85.7,11.84,13.22,25.06,44.77,up,ok,1056435841,1409422629,2465858470
2024-09-07 22:39:00,14.9,85.1,9.65,20.37,30.02,94.94,up,ok,1056438252,1409429843,2465868095
2024-09-07 22:39:02,8.9,84.8,9.65,20.37,30.02,94.94,up,ok,1056441924,1409434208,2465876132
2024-09-07 22:39:04,8.6,84.7,9.65,20.37,30.02,94.94,up,ok,1056446228,1409438020,2465884248
2024-09-07 22:39:06,16.9,84.8,9.65,20.37,30.02,94.94,up,ok,1056476531,1411117297,2467593828
